,,,,,,,,,,,,,,,,,,,,,,,,,,,,,,,,,,,,,,,,,,,,,,,,,,,,,,,,,,,,,,,,,,,,,,,,,,,,,,,
Package,,0,0,0,0,0,0,0,0,,,,,0,0,0,,0,,0,0,,,,0,,0,0,0,0,,0,,,,0,,,,0,,,0,0,0,,,,,,,0,0,0,,,0,,,,,,,,0,0,0,0,,,0,,,,0.00,0,0,0,0
Package,.,0,0,0,0,0,0,0,0,,,,,0,0,0,,0,,0,0,,,,0,,0,0,0,0,,0,,,,0,,,,0,,,0,0,0,,,,,,,0,0,0,,,0,,,,,,,,0,0,0,0,,,0,,,,0.00,0,0,0,0
Package,..,1,1,1,1,3,0,3,0,,,,,2,1,0,,2,,2,0,,,,3,,0,0,1,2,,32,,,,7,,,,25,,,17,3,0,,,,,,,12,17,14,,,3,,,,,,,,1,1,1,1,,,0,,,,0.00,3,3,3,3
Public Class,...Application,1,1,1,1,3,0,3,0,1,4,4,0,,1,0,,,,1,0,,,,2,2,0,0,0,2,,12,,,,3,,,,9,,,4,2,0,,,,,,,2,5,3,,,2,,,,,,,,1,1,1,1,,1,0,,0,0,0.00,2,2,2,2
Public Static Method,...Application.main,,,,,,,,,,,,,,,,,,,,,,,,,,,,,,2,3,,,,0,,,,3,,,1,1,0,,,,1,1,0,1,2,1,,,1,,,1,1,1,1,0,,,,,0,,0,0,,,0.00,1,1,1,1
Public Method,...Application.passwordEncoder,,,,,,,,,,,,,,,,,,,,,,,,,,,,,,0,3,,,,0,,,,3,,,1,1,0,,,,1,1,0,1,2,1,,,1,,,1,1,1,1,0,,,,,0,,0,0,,,0.00,1,1,1,1
Public Class,...ServletInitializer,1,1,1,1,3,0,3,0,1,3,3,0,,0,0,,,,1,0,,,,1,1,0,0,1,0,,6,,,,0,,,,6,,,3,1,0,,,,,,,1,3,2,,,1,,,,,,,,1,1,1,1,,2,0,,0,0,0.00,1,1,1,1
Protected Method,...ServletInitializer.configure,,,,,,,,,,,,,,,,,,,,,,,,,,,,,,2,3,,,,0,,,,3,,,1,1,0,,,,2,1,0,1,2,1,,,1,,,1,1,1,1,0,,,,,0,,0,0,,,0.00,1,1,1,1
Package,...config,1,1,1,1,9,0,8,0,,,,,7,0,8,,7,,18,7,,,,18,,0,2,3,13,,358,,,,76,,,,282,,,164,120,20,,,,,,,144,176,130,,,66,,,,,,,,3,3,5,1,,,2,,,,0.07,26,26,30,18
Public Class,...config.CorsFilter,3,3,5,1,16,0,16,1,2,8,8,0,,0,0,,,,1,0,,,,1,1,0,0,0,1,,20,,,,2,,,,18,,,5,13,1,,,,,,,11,14,5,,,10,,,,,,,,3,3,5,1,,1,1,,0,0,0.06,3,3,5,1
Public Method,...config.CorsFilter.doFilter,,,,,,,,,,,,,,,,,,,,,,,,,,,,,,4,16,,,,0,,,,16,,,4,13,1,,,,7,2,0,11,13,4,,,10,,,3,3,5,1,1,,,,,0,,1,0,,,0.06,3,3,5,1
Public Class,...config.JwtConfigurer,1,1,1,1,3,0,3,0,1,6,6,0,,0,0,,,,2,1,,,,2,2,0,0,0,2,,15,,,,4,,,,11,,,6,3,0,,,,,,,4,7,5,,,3,,,,,,,,1,1,1,1,,2,0,,0,0,0.00,2,2,2,2
Public Constructor,...config.JwtConfigurer.JwtConfigurer,,,,,,,,,,,,,,,,,,,,,,,,,,,,,,2,3,,,,0,,,,3,,,1,1,0,,,,2,1,0,1,2,1,,,1,,,1,1,1,1,0,,,,,0,,0,0,,,0.00,1,1,1,1
Public Method,...config.JwtConfigurer.configure,,,,,,,,,,,,,,,,,,,,,,,,,,,,,,2,4,,,,0,,,,4,,,2,2,0,,,,2,1,0,2,3,2,,,2,,,1,1,1,1,0,,,,,0,,0,0,,,0.00,1,1,1,1
Public Class,...config.JwtTokenFilter,1,1,2,1,11,1,9,0,1,17,17,0,,0,0,,,,4,1,,,,4,4,0,2,0,2,,55,,,,14,,,,41,,,17,25,0,,,,,,,22,30,15,,,22,,,,,,,,3,3,4,1,,2,2,,25,25,0.00,7,7,8,4
Public Constructor,...config.JwtTokenFilter.JwtTokenFilter,,,,,,,,,,,,,,,,,,,,,,,,,,,,,,2,3,,,,0,,,,3,,,1,1,0,,,,2,1,0,1,2,1,,,1,,,1,1,1,1,0,,,,,0,,0,0,,,0.00,1,1,1,1
Private Method,...config.JwtTokenFilter.changeAuthentication,,,,,,,,,,,,,,,,,,,,,,,,,,,,,,4,11,,,,2,,,,9,,,3,6,0,,,,5,2,0,5,7,3,,,6,,,2,2,2,1,0,,,,,0,,1,0,,,0.00,2,2,2,1
Public Method,...config.JwtTokenFilter.doFilter,,,,,,,,,,,,,,,,,,,,,,,,,,,,,,5,19,,,,4,,,,15,,,5,10,0,,,,6,3,0,7,10,4,,,7,,,3,3,4,1,2,,,,,0,,2,0,,,0.00,3,3,4,1
Private Method,...config.JwtTokenFilter.raiseError,,,,,,,,,,,,,,,,,,,,,,,,,,,,,,5,11,,,,1,,,,10,,,5,8,0,,,,10,1,0,8,9,5,,,8,,,1,1,1,1,0,,,,,0,,0,0,,,0.00,1,1,1,1
Public Class,...config.JwtTokenProvider,1,1,1,1,8,1,7,1,1,17,17,0,,0,1,,,,7,3,,,,7,7,0,0,1,6,,82,,,,21,,,,61,,,27,37,11,,,,,,,25,35,22,,,23,,,,,,,,2,2,3,1,,1,1,,61,57,0.18,9,9,10,7
Public Method,...config.JwtTokenProvider.createRefreshToken,,,,,,,,,,,,,,,,,,,,,,,,,,,,,,8,17,,,,4,,,,13,,,5,11,5,,,,17,1,0,6,7,5,,,6,,,1,1,1,1,0,,,,,0,,0,0,,,0.38,1,1,1,1
Public Method,...config.JwtTokenProvider.createToken,,,,,,,,,,,,,,,,,,,,,,,,,,,,,,9,15,,,,3,,,,12,,,4,10,5,,,,11,1,0,5,6,4,,,5,,,1,1,1,1,0,,,,,0,,0,0,,,0.42,1,1,1,1
Public Method,...config.JwtTokenProvider.getAuthentication,,,,,,,,,,,,,,,,,,,,,,,,,,,,,,3,4,,,,0,,,,4,,,2,2,0,,,,5,1,0,2,3,2,,,2,,,1,1,1,1,0,,,,,0,,0,0,,,0.00,1,1,1,1
Public Method,...config.JwtTokenProvider.getUsername,,,,,,,,,,,,,,,,,,,,,,,,,,,,,,4,3,,,,0,,,,3,,,1,1,0,,,,6,1,0,1,2,1,,,1,,,1,1,1,1,0,,,,,0,,0,0,,,0.00,1,1,1,1
Protected Method,...config.JwtTokenProvider.init,,,,,,,,,,,,,,,,,,,,,,,,,,,,,,1,3,,,,0,,,,3,,,1,1,0,,,,4,1,0,1,2,1,,,1,,,1,1,1,1,0,,,,,0,,0,0,,,0.00,1,1,1,1
Public Method,...config.JwtTokenProvider.resolveToken,,,,,,,,,,,,,,,,,,,,,,,,,,,,,,2,7,,,,0,,,,7,,,2,4,0,,,,5,2,0,3,5,2,,,4,,,2,2,3,1,1,,,,,0,,1,0,,,0.00,2,2,3,1
Public Method,...config.JwtTokenProvider.validateToken,,,,,,,,,,,,,,,,,,,,,,,,,,,,,,4,9,,,,1,,,,8,,,2,5,0,,,,8,2,0,3,5,2,,,4,,,2,2,2,1,1,,,,,0,,1,0,,,0.00,2,2,2,1
Public Class,...config.UserDetailsCustom,2,2,2,1,9,1,8,0,2,7,7,0,,0,0,,,,1,1,,,,1,1,0,0,0,1,,16,,,,3,,,,13,,,6,5,0,,,,,,,4,7,4,,,4,,,,,,,,2,2,2,1,,1,1,,0,0,0.00,2,2,2,1
Public Method,...config.UserDetailsCustom.loadUserByUsername,,,,,,,,,,,,,,,,,,,,,,,,,,,,,,2,9,,,,1,,,,8,,,2,5,0,,,,2,2,0,3,5,2,,,4,,,2,2,2,1,2,,,,,0,,1,0,,,0.00,2,2,2,1
Public Class,...config.WebMvcConfigurer,1,1,1,1,7,1,6,1,1,2,2,0,,0,0,,,,1,0,,,,1,1,0,0,1,0,,12,,,,3,,,,9,,,3,4,1,,,,,,,2,4,2,,,2,,,,,,,,1,1,1,1,,2,0,,0,0,0.11,1,1,1,1
Protected Method,...config.WebMvcConfigurer.addResourceHandlers,,,,,,,,,,,,,,,,,,,,,,,,,,,,,,1,7,,,,1,,,,6,,,1,4,1,,,,2,1,0,2,3,1,,,2,,,1,1,1,1,0,,,,,0,,0,0,,,0.17,1,1,1,1
Public Class,...config.WebSecurityConfig,1,1,1,1,12,0,11,1,1,11,11,0,,0,7,,,,2,1,,,,2,2,0,0,1,1,,69,,,,11,,,,58,,,29,33,7,,,,,,,10,13,11,,,2,,,,,,,,1,1,1,1,,2,0,,50,50,0.12,2,2,2,2
Public Method,...config.WebSecurityConfig.authenticationManagerBean,,,,,,,,,,,,,,,,,,,,,,,,,,,,,,0,5,,,,0,,,,3,,,1,1,2,,,,2,1,0,1,2,1,,,1,,,1,1,1,1,0,,,,,0,,0,0,,,0.67,1,1,1,1
Protected Method,...config.WebSecurityConfig.configure,,,,,,,,,,,,,,,,,,,,,,,,,,,,,,16,20,,,,0,,,,20,,,1,18,0,,,,18,1,0,1,2,1,,,1,,,1,1,1,1,0,,,,,0,,0,0,,,0.00,1,1,1,1
Package,...controller,1,1,1,1,3,0,3,0,,,,,7,0,1,,7,,24,11,,,,24,,0,0,0,24,,273,,,,61,,,,212,,,147,38,0,,,,,,,109,141,109,,,36,,,,,,,,2,2,2,1,,,1,,,,0.00,25,25,25,24
Public Class,...controller.AuthenticationController,2,2,2,1,16,2,14,0,1,16,16,0,,0,0,,,,1,3,,,,1,1,0,0,0,1,,31,,,,8,,,,23,,,13,11,0,,,,,,,12,15,9,,,10,,,,,,,,2,2,2,1,,1,1,,0,0,0.00,2,2,2,1
Public Method,...controller.AuthenticationController.signin,,,,,,,,,,,,,,,,,,,,,,,,,,,,,,4,16,,,,2,,,,14,,,5,11,0,,,,9,2,0,9,11,5,,,10,,,2,2,2,1,1,,,,,0,,1,0,,,0.00,2,2,2,1
Public Class,...controller.AuthenticationRequest,1,1,1,1,3,0,3,0,2,2,2,0,,0,1,,,,7,2,,,,7,7,0,0,0,7,,36,,,,9,,,,27,,,12,8,0,,,,,,,10,18,11,,,7,,,,,,,,1,1,1,1,,1,0,,50,50,0.00,7,7,7,7
Public Constructor,...controller.AuthenticationRequest.AuthenticationRequest,,,,,,,,,,,,,,,,,,,,,,,,,,,,,,0,3,,,,1,,,,2,,,1,0,0,,,,1,1,0,0,1,1,,,0,,,1,1,1,1,0,,,,,0,,0,0,,,0.00,1,1,1,1
Public Constructor,...controller.AuthenticationRequest.AuthenticationRequest,,,,,,,,,,,,,,,,,,,,,,,,,,,,,,2,4,,,,0,,,,4,,,1,2,0,,,,3,1,0,2,3,1,,,2,,,1,1,1,1,0,,,,,0,,0,0,,,0.00,1,1,1,1
Public Method,...controller.AuthenticationRequest.getEmail,,,,,,,,,,,,,,,,,,,,,,,,,,,,,,1,3,,,,0,,,,3,,,1,1,0,,,,1,1,0,1,2,1,,,1,,,1,1,1,1,0,,,,,0,,0,0,,,0.00,1,1,1,1
Public Method,...controller.AuthenticationRequest.getPassword,,,,,,,,,,,,,,,,,,,,,,,,,,,,,,2,3,,,,0,,,,3,,,1,1,0,,,,1,1,0,1,2,1,,,1,,,1,1,1,1,0,,,,,0,,0,0,,,0.00,1,1,1,1
Public Method,...controller.AuthenticationRequest.getUsername,,,,,,,,,,,,,,,,,,,,,,,,,,,,,,2,3,,,,0,,,,3,,,1,1,0,,,,1,1,0,1,2,1,,,1,,,1,1,1,1,0,,,,,0,,0,0,,,0.00,1,1,1,1
Public Method,...controller.AuthenticationRequest.setEmail,,,,,,,,,,,,,,,,,,,,,,,,,,,,,,1,3,,,,0,,,,3,,,1,1,0,,,,1,1,0,1,2,1,,,1,,,1,1,1,1,0,,,,,0,,0,0,,,0.00,1,1,1,1
Public Method,...controller.AuthenticationRequest.setPassword,,,,,,,,,,,,,,,,,,,,,,,,,,,,,,1,3,,,,0,,,,3,,,1,1,0,,,,1,1,0,1,2,1,,,1,,,1,1,1,1,0,,,,,0,,0,0,,,0.00,1,1,1,1
Public Class,...controller.EstudanteController,1,1,1,1,3,0,3,0,1,6,6,0,,0,0,,,,1,1,,,,1,1,0,0,0,1,,11,,,,3,,,,8,,,5,1,0,,,,,,,2,4,3,,,1,,,,,,,,1,1,1,1,,1,0,,0,0,0.00,1,1,1,1
Public Method,...controller.EstudanteController.save,,,,,,,,,,,,,,,,,,,,,,,,,,,,,,2,3,,,,0,,,,3,,,1,1,0,,,,3,1,0,1,2,1,,,1,,,1,1,1,1,0,,,,,0,,0,0,,,0.00,1,1,1,1
Public Class,...controller.ServidorController,1,1,1,1,3,0,3,0,1,6,6,0,,0,0,,,,1,1,,,,1,1,0,0,0,1,,10,,,,2,,,,8,,,5,1,0,,,,,,,2,4,3,,,1,,,,,,,,1,1,1,1,,1,0,,0,0,0.00,1,1,1,1
Public Method,...controller.ServidorController.save,,,,,,,,,,,,,,,,,,,,,,,,,,,,,,2,3,,,,0,,,,3,,,1,1,0,,,,3,1,0,1,2,1,,,1,,,1,1,1,1,0,,,,,0,,0,0,,,0.00,1,1,1,1
Public Class,...controller.SolicitacaoColetivaController,1,1,1,1,3,0,3,0,1,11,11,0,,0,0,,,,4,1,,,,4,4,0,0,0,4,,26,,,,5,,,,21,,,11,5,0,,,,,,,6,11,6,,,5,,,,,,,,1,1,1,1,,1,0,,0,0,0.00,4,4,4,4
Public Method,...controller.SolicitacaoColetivaController.addParticipants,,,,,,,,,,,,,,,,,,,,,,,,,,,,,,3,3,,,,0,,,,3,,,1,1,0,,,,3,1,0,1,2,1,,,1,,,1,1,1,1,0,,,,,0,,0,0,,,0.00,1,1,1,1
Public Method,...controller.SolicitacaoColetivaController.assinar,,,,,,,,,,,,,,,,,,,,,,,,,,,,,,2,3,,,,0,,,,3,,,1,1,0,,,,3,1,0,1,2,1,,,1,,,1,1,1,1,0,,,,,0,,0,0,,,0.00,1,1,1,1
Public Method,...controller.SolicitacaoColetivaController.delete,,,,,,,,,,,,,,,,,,,,,,,,,,,,,,2,4,,,,0,,,,4,,,1,2,0,,,,4,1,0,2,3,1,,,2,,,1,1,1,1,0,,,,,0,,0,0,,,0.00,1,1,1,1
Public Method,...controller.SolicitacaoColetivaController.save,,,,,,,,,,,,,,,,,,,,,,,,,,,,,,2,3,,,,0,,,,3,,,1,1,0,,,,3,1,0,1,2,1,,,1,,,1,1,1,1,0,,,,,0,,0,0,,,0.00,1,1,1,1
Public Class,...controller.SolicitacaoController,1,1,1,1,3,0,3,0,1,12,12,0,,0,0,,,,5,1,,,,5,5,0,0,0,5,,31,,,,6,,,,25,,,13,6,0,,,,,,,7,13,7,,,6,,,,,,,,1,1,1,1,,1,0,,0,0,0.00,5,5,5,5
Public Method,...controller.SolicitacaoController.addAtividade,,,,,,,,,,,,,,,,,,,,,,,,,,,,,,3,3,,,,0,,,,3,,,1,1,0,,,,3,1,0,1,2,1,,,1,,,1,1,1,1,0,,,,,0,,0,0,,,0.00,1,1,1,1
Public Method,...controller.SolicitacaoController.delete,,,,,,,,,,,,,,,,,,,,,,,,,,,,,,2,4,,,,0,,,,4,,,1,2,0,,,,4,1,0,2,3,1,,,2,,,1,1,1,1,0,,,,,0,,0,0,,,0.00,1,1,1,1
Public Method,...controller.SolicitacaoController.findOne,,,,,,,,,,,,,,,,,,,,,,,,,,,,,,2,3,,,,0,,,,3,,,1,1,0,,,,3,1,0,1,2,1,,,1,,,1,1,1,1,0,,,,,0,,0,0,,,0.00,1,1,1,1
Public Method,...controller.SolicitacaoController.save,,,,,,,,,,,,,,,,,,,,,,,,,,,,,,2,3,,,,0,,,,3,,,1,1,0,,,,3,1,0,1,2,1,,,1,,,1,1,1,1,0,,,,,0,,0,0,,,0.00,1,1,1,1
Public Method,...controller.SolicitacaoController.update,,,,,,,,,,,,,,,,,,,,,,,,,,,,,,3,3,,,,0,,,,3,,,1,1,0,,,,3,1,0,1,2,1,,,1,,,1,1,1,1,0,,,,,0,,0,0,,,0.00,1,1,1,1
Public Class,...controller.UsuarioController,1,1,1,1,3,0,3,0,1,13,13,0,,0,0,,,,5,2,,,,5,5,0,0,0,5,,36,,,,9,,,,27,,,15,6,0,,,,,,,8,14,8,,,6,,,,,,,,1,1,1,1,,1,0,,50,50,0.00,5,5,5,5
Public Method,...controller.UsuarioController.create,,,,,,,,,,,,,,,,,,,,,,,,,,,,,,2,3,,,,0,,,,3,,,1,1,0,,,,3,1,0,1,2,1,,,1,,,1,1,1,1,0,,,,,0,,0,0,,,0.00,1,1,1,1
Public Method,...controller.UsuarioController.delete,,,,,,,,,,,,,,,,,,,,,,,,,,,,,,2,4,,,,0,,,,4,,,1,2,0,,,,4,1,0,2,3,1,,,2,,,1,1,1,1,0,,,,,0,,0,0,,,0.00,1,1,1,1
Public Method,...controller.UsuarioController.enable,,,,,,,,,,,,,,,,,,,,,,,,,,,,,,2,3,,,,0,,,,3,,,1,1,0,,,,3,1,0,1,2,1,,,1,,,1,1,1,1,0,,,,,0,,0,0,,,0.00,1,1,1,1
Public Method,...controller.UsuarioController.find,,,,,,,,,,,,,,,,,,,,,,,,,,,,,,1,3,,,,0,,,,3,,,1,1,0,,,,3,1,0,1,2,1,,,1,,,1,1,1,1,0,,,,,0,,0,0,,,0.00,1,1,1,1
Public Method,...controller.UsuarioController.updatePassword,,,,,,,,,,,,,,,,,,,,,,,,,,,,,,2,4,,,,1,,,,3,,,1,1,0,,,,4,1,0,1,2,1,,,1,,,1,1,1,1,0,,,,,0,,0,0,,,0.00,1,1,1,1
Package,...exception,1,1,1,1,3,0,3,0,,,,,5,0,2,,5,,14,4,,,,14,,0,0,0,14,,108,,,,29,,,,79,,,42,22,0,,,,,,,38,57,39,,,20,,,,,,,,1,1,1,1,,,0,,,,0.00,14,14,14,14
Public Class,...exception.DataIntegrityException,1,1,1,1,3,0,3,0,1,1,1,0,,0,0,,,,1,0,,,,1,1,0,0,0,1,,6,,,,1,,,,5,,,2,1,0,,,,,,,1,3,2,,,1,,,,,,,,1,1,1,1,,2,0,,0,0,0.00,1,1,1,1
Public Constructor,...exception.DataIntegrityException.DataIntegrityException,,,,,,,,,,,,,,,,,,,,,,,,,,,,,,13,3,,,,0,,,,3,,,1,1,0,,,,1,1,0,1,2,1,,,1,,,1,1,1,1,0,,,,,0,,0,0,,,0.00,1,1,1,1
Public Class,...exception.InvalidJwtAuthenticationException,1,1,1,1,3,0,3,0,1,1,1,0,,0,1,,,,1,0,,,,1,1,0,0,0,1,,9,,,,3,,,,6,,,3,2,0,,,,,,,2,4,3,,,1,,,,,,,,1,1,1,1,,2,0,,0,0,0.00,1,1,1,1
Public Constructor,...exception.InvalidJwtAuthenticationException.InvalidJwtAuthenticationException,,,,,,,,,,,,,,,,,,,,,,,,,,,,,,2,3,,,,0,,,,3,,,1,1,0,,,,1,1,0,1,2,1,,,1,,,1,1,1,1,0,,,,,0,,0,0,,,0.00,1,1,1,1
Public Class,...exception.NotFoundException,1,1,1,1,3,0,3,0,1,1,1,0,,0,0,,,,1,0,,,,1,1,0,0,0,1,,6,,,,1,,,,5,,,2,1,0,,,,,,,1,3,2,,,1,,,,,,,,1,1,1,1,,2,0,,0,0,0.00,1,1,1,1
Public Constructor,...exception.NotFoundException.NotFoundException,,,,,,,,,,,,,,,,,,,,,,,,,,,,,,8,3,,,,0,,,,3,,,1,1,0,,,,1,1,0,1,2,1,,,1,,,1,1,1,1,0,,,,,0,,0,0,,,0.00,1,1,1,1
Public Class,...exception.ResourceExceptionHandler,1,1,1,1,4,0,4,0,1,7,7,0,,0,0,,,,2,0,,,,2,2,0,0,0,2,,14,,,,2,,,,12,,,7,4,0,,,,,,,4,7,5,,,4,,,,,,,,1,1,1,1,,1,0,,0,0,0.00,2,2,2,2
Public Method,...exception.ResourceExceptionHandler.dataIntegrity,,,,,,,,,,,,,,,,,,,,,,,,,,,,,,3,5,,,,1,,,,4,,,2,2,0,,,,7,1,0,2,3,2,,,2,,,1,1,1,1,0,,,,,0,,0,0,,,0.00,1,1,1,1
Public Method,...exception.ResourceExceptionHandler.notFound,,,,,,,,,,,,,,,,,,,,,,,,,,,,,,3,4,,,,0,,,,4,,,2,2,0,,,,7,1,0,2,3,2,,,2,,,1,1,1,1,0,,,,,0,,0,0,,,0.00,1,1,1,1
Public Class,...exception.StandardError,1,1,1,1,3,0,3,0,2,2,2,0,,0,1,,,,9,4,,,,9,9,0,0,0,9,,51,,,,13,,,,38,,,15,14,0,,,,,,,18,28,15,,,13,,,,,,,,1,1,1,1,,1,0,,66,66,0.00,9,9,9,9
Public Constructor,...exception.StandardError.StandardError,,,,,,,,,,,,,,,,,,,,,,,,,,,,,,7,7,,,,0,,,,7,,,1,5,0,,,,5,1,0,5,6,1,,,5,,,1,1,1,1,0,,,,,0,,0,0,,,0.00,1,1,1,1
Public Method,...exception.StandardError.getError,,,,,,,,,,,,,,,,,,,,,,,,,,,,,,1,3,,,,0,,,,3,,,1,1,0,,,,1,1,0,1,2,1,,,1,,,1,1,1,1,0,,,,,0,,0,0,,,0.00,1,1,1,1
Public Method,...exception.StandardError.getMessage,,,,,,,,,,,,,,,,,,,,,,,,,,,,,,1,3,,,,0,,,,3,,,1,1,0,,,,1,1,0,1,2,1,,,1,,,1,1,1,1,0,,,,,0,,0,0,,,0.00,1,1,1,1
Public Method,...exception.StandardError.getPath,,,,,,,,,,,,,,,,,,,,,,,,,,,,,,1,3,,,,0,,,,3,,,1,1,0,,,,1,1,0,1,2,1,,,1,,,1,1,1,1,0,,,,,0,,0,0,,,0.00,1,1,1,1
Public Method,...exception.StandardError.getStatus,,,,,,,,,,,,,,,,,,,,,,,,,,,,,,2,3,,,,0,,,,3,,,1,1,0,,,,1,1,0,1,2,1,,,1,,,1,1,1,1,0,,,,,0,,0,0,,,0.00,1,1,1,1
Public Method,...exception.StandardError.setError,,,,,,,,,,,,,,,,,,,,,,,,,,,,,,1,3,,,,0,,,,3,,,1,1,0,,,,1,1,0,1,2,1,,,1,,,1,1,1,1,0,,,,,0,,0,0,,,0.00,1,1,1,1
Public Method,...exception.StandardError.setMessage,,,,,,,,,,,,,,,,,,,,,,,,,,,,,,1,3,,,,0,,,,3,,,1,1,0,,,,1,1,0,1,2,1,,,1,,,1,1,1,1,0,,,,,0,,0,0,,,0.00,1,1,1,1
Public Method,...exception.StandardError.setPath,,,,,,,,,,,,,,,,,,,,,,,,,,,,,,1,3,,,,0,,,,3,,,1,1,0,,,,1,1,0,1,2,1,,,1,,,1,1,1,1,0,,,,,0,,0,0,,,0.00,1,1,1,1
Public Method,...exception.StandardError.setStatus,,,,,,,,,,,,,,,,,,,,,,,,,,,,,,1,3,,,,0,,,,3,,,1,1,0,,,,1,1,0,1,2,1,,,1,,,1,1,1,1,0,,,,,0,,0,0,,,0.00,1,1,1,1
Package,...model,1,1,1,1,3,0,3,0,,,,,11,0,8,,11,,159,75,,,,159,,3,0,0,156,,1040,,,,247,,,,793,,,434,211,0,,,,,,,326,507,298,,,209,,,,,,,,7,7,7,7,,,2,,,,0.00,179,179,186,179
Public Class,...model.Arquivo,1,1,1,1,3,0,3,0,2,9,9,0,,0,1,,,,12,4,,,,12,12,0,0,0,12,,68,,,,16,,,,52,,,25,16,0,,,,,,,20,35,19,,,16,,,,,,,,3,3,4,3,,1,1,,75,75,0.00,14,14,15,14
Public Constructor,...model.Arquivo.Arquivo,,,,,,,,,,,,,,,,,,,,,,,,,,,,,,0,2,,,,0,,,,2,,,1,0,0,,,,1,1,0,0,1,1,,,0,,,1,1,1,1,0,,,,,0,,0,0,,,0.00,1,1,1,1
Public Constructor,...model.Arquivo.Arquivo,,,,,,,,,,,,,,,,,,,,,,,,,,,,,,2,4,,,,0,,,,4,,,1,2,0,,,,3,1,0,2,3,1,,,2,,,1,1,1,1,0,,,,,0,,0,0,,,0.00,1,1,1,1
Public Method,...model.Arquivo.equals,,,,,,,,,,,,,,,,,,,,,,,,,,,,,,2,6,,,,0,,,,6,,,2,4,0,,,,3,3,0,4,7,2,,,5,,,3,3,4,3,2,,,,,2,,1,2,,,0.00,3,3,4,3
Public Method,...model.Arquivo.getConteudo,,,,,,,,,,,,,,,,,,,,,,,,,,,,,,1,3,,,,0,,,,3,,,1,1,0,,,,1,1,0,1,2,1,,,1,,,1,1,1,1,0,,,,,0,,0,0,,,0.00,1,1,1,1
Public Method,...model.Arquivo.getFormato,,,,,,,,,,,,,,,,,,,,,,,,,,,,,,1,3,,,,0,,,,3,,,1,1,0,,,,1,1,0,1,2,1,,,1,,,1,1,1,1,0,,,,,0,,0,0,,,0.00,1,1,1,1
Public Method,...model.Arquivo.getId,,,,,,,,,,,,,,,,,,,,,,,,,,,,,,1,3,,,,0,,,,3,,,1,1,0,,,,1,1,0,1,2,1,,,1,,,1,1,1,1,0,,,,,0,,0,0,,,0.00,1,1,1,1
Public Method,...model.Arquivo.getNome,,,,,,,,,,,,,,,,,,,,,,,,,,,,,,1,3,,,,0,,,,3,,,1,1,0,,,,1,1,0,1,2,1,,,1,,,1,1,1,1,0,,,,,0,,0,0,,,0.00,1,1,1,1
Public Method,...model.Arquivo.hashCode,,,,,,,,,,,,,,,,,,,,,,,,,,,,,,1,3,,,,0,,,,3,,,1,1,0,,,,2,1,0,1,2,1,,,1,,,1,1,1,1,0,,,,,0,,0,0,,,0.00,1,1,1,1
Public Method,...model.Arquivo.setConteudo,,,,,,,,,,,,,,,,,,,,,,,,,,,,,,1,3,,,,0,,,,3,,,1,1,0,,,,1,1,0,1,2,1,,,1,,,1,1,1,1,0,,,,,0,,0,0,,,0.00,1,1,1,1
Public Method,...model.Arquivo.setFormato,,,,,,,,,,,,,,,,,,,,,,,,,,,,,,1,3,,,,0,,,,3,,,1,1,0,,,,1,1,0,1,2,1,,,1,,,1,1,1,1,0,,,,,0,,0,0,,,0.00,1,1,1,1
Public Method,...model.Arquivo.setId,,,,,,,,,,,,,,,,,,,,,,,,,,,,,,1,3,,,,0,,,,3,,,1,1,0,,,,1,1,0,1,2,1,,,1,,,1,1,1,1,0,,,,,0,,0,0,,,0.00,1,1,1,1
Public Method,...model.Arquivo.setNome,,,,,,,,,,,,,,,,,,,,,,,,,,,,,,1,3,,,,0,,,,3,,,1,1,0,,,,1,1,0,1,2,1,,,1,,,1,1,1,1,0,,,,,0,,0,0,,,0.00,1,1,1,1
Public Class,...model.Atividade,1,1,1,1,3,0,3,0,2,17,17,0,,0,1,,,,18,7,,,,18,18,0,0,0,18,,109,,,,26,,,,83,,,39,27,0,,,,,,,34,55,28,,,27,,,,,,,,3,3,4,3,,1,1,,81,81,0.00,20,20,21,20
Public Constructor,...model.Atividade.Atividade,,,,,,,,,,,,,,,,,,,,,,,,,,,,,,0,3,,,,1,,,,2,,,1,0,0,,,,1,1,0,0,1,1,,,0,,,1,1,1,1,0,,,,,0,,0,0,,,0.00,1,1,1,1
Public Constructor,...model.Atividade.Atividade,,,,,,,,,,,,,,,,,,,,,,,,,,,,,,7,9,,,,0,,,,9,,,1,7,0,,,,8,1,0,7,8,1,,,7,,,1,1,1,1,0,,,,,0,,0,0,,,0.00,1,1,1,1
Public Method,...model.Atividade.equals,,,,,,,,,,,,,,,,,,,,,,,,,,,,,,2,6,,,,0,,,,6,,,2,4,0,,,,3,3,0,4,7,2,,,5,,,3,3,4,3,2,,,,,2,,1,2,,,0.00,3,3,4,3
Public Method,...model.Atividade.getArquivo,,,,,,,,,,,,,,,,,,,,,,,,,,,,,,1,3,,,,0,,,,3,,,1,1,0,,,,1,1,0,1,2,1,,,1,,,1,1,1,1,0,,,,,0,,0,0,,,0.00,1,1,1,1
Public Method,...model.Atividade.getDescricao,,,,,,,,,,,,,,,,,,,,,,,,,,,,,,1,3,,,,0,,,,3,,,1,1,0,,,,1,1,0,1,2,1,,,1,,,1,1,1,1,0,,,,,0,,0,0,,,0.00,1,1,1,1
Public Method,...model.Atividade.getHorasConvertidas,,,,,,,,,,,,,,,,,,,,,,,,,,,,,,1,3,,,,0,,,,3,,,1,1,0,,,,1,1,0,1,2,1,,,1,,,1,1,1,1,0,,,,,0,,0,0,,,0.00,1,1,1,1
Public Method,...model.Atividade.getHorasReais,,,,,,,,,,,,,,,,,,,,,,,,,,,,,,1,3,,,,0,,,,3,,,1,1,0,,,,1,1,0,1,2,1,,,1,,,1,1,1,1,0,,,,,0,,0,0,,,0.00,1,1,1,1
Public Method,...model.Atividade.getId,,,,,,,,,,,,,,,,,,,,,,,,,,,,,,1,3,,,,0,,,,3,,,1,1,0,,,,1,1,0,1,2,1,,,1,,,1,1,1,1,0,,,,,0,,0,0,,,0.00,1,1,1,1
Public Method,...model.Atividade.getSolicitacao,,,,,,,,,,,,,,,,,,,,,,,,,,,,,,1,3,,,,0,,,,3,,,1,1,0,,,,1,1,0,1,2,1,,,1,,,1,1,1,1,0,,,,,0,,0,0,,,0.00,1,1,1,1
Public Method,...model.Atividade.getTipoAtividade,,,,,,,,,,,,,,,,,,,,,,,,,,,,,,1,3,,,,0,,,,3,,,1,1,0,,,,1,1,0,1,2,1,,,1,,,1,1,1,1,0,,,,,0,,0,0,,,0.00,1,1,1,1
Public Method,...model.Atividade.hashCode,,,,,,,,,,,,,,,,,,,,,,,,,,,,,,1,3,,,,0,,,,3,,,1,1,0,,,,2,1,0,1,2,1,,,1,,,1,1,1,1,0,,,,,0,,0,0,,,0.00,1,1,1,1
Public Method,...model.Atividade.setArquivo,,,,,,,,,,,,,,,,,,,,,,,,,,,,,,1,3,,,,0,,,,3,,,1,1,0,,,,1,1,0,1,2,1,,,1,,,1,1,1,1,0,,,,,0,,0,0,,,0.00,1,1,1,1
Public Method,...model.Atividade.setDescricao,,,,,,,,,,,,,,,,,,,,,,,,,,,,,,1,3,,,,0,,,,3,,,1,1,0,,,,1,1,0,1,2,1,,,1,,,1,1,1,1,0,,,,,0,,0,0,,,0.00,1,1,1,1
Public Method,...model.Atividade.setHorasConvertidas,,,,,,,,,,,,,,,,,,,,,,,,,,,,,,1,3,,,,0,,,,3,,,1,1,0,,,,1,1,0,1,2,1,,,1,,,1,1,1,1,0,,,,,0,,0,0,,,0.00,1,1,1,1
Public Method,...model.Atividade.setHorasReais,,,,,,,,,,,,,,,,,,,,,,,,,,,,,,1,3,,,,0,,,,3,,,1,1,0,,,,1,1,0,1,2,1,,,1,,,1,1,1,1,0,,,,,0,,0,0,,,0.00,1,1,1,1
Public Method,...model.Atividade.setId,,,,,,,,,,,,,,,,,,,,,,,,,,,,,,1,3,,,,0,,,,3,,,1,1,0,,,,1,1,0,1,2,1,,,1,,,1,1,1,1,0,,,,,0,,0,0,,,0.00,1,1,1,1
Public Method,...model.Atividade.setSolicitacao,,,,,,,,,,,,,,,,,,,,,,,,,,,,,,3,3,,,,0,,,,3,,,1,1,0,,,,1,1,0,1,2,1,,,1,,,1,1,1,1,0,,,,,0,,0,0,,,0.00,1,1,1,1
Public Method,...model.Atividade.setTipoAtividade,,,,,,,,,,,,,,,,,,,,,,,,,,,,,,1,3,,,,0,,,,3,,,1,1,0,,,,1,1,0,1,2,1,,,1,,,1,1,1,1,0,,,,,0,,0,0,,,0.00,1,1,1,1
Public Class,...model.Curso,1,1,1,1,3,0,3,0,2,11,11,0,,0,1,,,,10,5,,,,10,10,0,0,0,10,,68,,,,16,,,,52,,,29,14,0,,,,,,,19,32,18,,,14,,,,,,,,3,3,4,3,,1,1,,80,80,0.00,12,12,13,12
Public Method,...model.Curso.equals,,,,,,,,,,,,,,,,,,,,,,,,,,,,,,2,6,,,,0,,,,6,,,2,4,0,,,,3,3,0,4,7,2,,,5,,,3,3,4,3,2,,,,,2,,1,2,,,0.00,3,3,4,3
Public Method,...model.Curso.getEstudantes,,,,,,,,,,,,,,,,,,,,,,,,,,,,,,1,3,,,,0,,,,3,,,1,1,0,,,,1,1,0,1,2,1,,,1,,,1,1,1,1,0,,,,,0,,0,0,,,0.00,1,1,1,1
Public Method,...model.Curso.getId,,,,,,,,,,,,,,,,,,,,,,,,,,,,,,1,3,,,,0,,,,3,,,1,1,0,,,,1,1,0,1,2,1,,,1,,,1,1,1,1,0,,,,,0,,0,0,,,0.00,1,1,1,1
Public Method,...model.Curso.getNome,,,,,,,,,,,,,,,,,,,,,,,,,,,,,,1,3,,,,0,,,,3,,,1,1,0,,,,1,1,0,1,2,1,,,1,,,1,1,1,1,0,,,,,0,,0,0,,,0.00,1,1,1,1
Public Method,...model.Curso.getSolicitacoes,,,,,,,,,,,,,,,,,,,,,,,,,,,,,,1,3,,,,0,,,,3,,,1,1,0,,,,1,1,0,1,2,1,,,1,,,1,1,1,1,0,,,,,0,,0,0,,,0.00,1,1,1,1
Public Method,...model.Curso.hashCode,,,,,,,,,,,,,,,,,,,,,,,,,,,,,,1,3,,,,0,,,,3,,,1,1,0,,,,2,1,0,1,2,1,,,1,,,1,1,1,1,0,,,,,0,,0,0,,,0.00,1,1,1,1
Public Method,...model.Curso.setEstudantes,,,,,,,,,,,,,,,,,,,,,,,,,,,,,,1,3,,,,0,,,,3,,,1,1,0,,,,1,1,0,1,2,1,,,1,,,1,1,1,1,0,,,,,0,,0,0,,,0.00,1,1,1,1
Public Method,...model.Curso.setId,,,,,,,,,,,,,,,,,,,,,,,,,,,,,,1,3,,,,0,,,,3,,,1,1,0,,,,1,1,0,1,2,1,,,1,,,1,1,1,1,0,,,,,0,,0,0,,,0.00,1,1,1,1
Public Method,...model.Curso.setNome,,,,,,,,,,,,,,,,,,,,,,,,,,,,,,1,3,,,,0,,,,3,,,1,1,0,,,,1,1,0,1,2,1,,,1,,,1,1,1,1,0,,,,,0,,0,0,,,0.00,1,1,1,1
Public Method,...model.Curso.setSolicitacoes,,,,,,,,,,,,,,,,,,,,,,,,,,,,,,1,3,,,,0,,,,3,,,1,1,0,,,,1,1,0,1,2,1,,,1,,,1,1,1,1,0,,,,,0,,0,0,,,0.00,1,1,1,1
Public Class,...model.Estudante,1,1,1,1,3,0,3,0,2,19,19,0,,0,1,,,,25,11,,,,25,25,0,0,0,25,,142,,,,37,,,,105,,,52,29,0,,,,,,,40,68,39,,,29,,,,,,,,3,3,4,3,,1,1,,90,90,0.00,27,27,28,27
Public Method,...model.Estudante.equals,,,,,,,,,,,,,,,,,,,,,,,,,,,,,,2,6,,,,0,,,,6,,,2,4,0,,,,3,3,0,4,7,2,,,5,,,3,3,4,3,2,,,,,2,,1,2,,,0.00,3,3,4,3
Public Method,...model.Estudante.getAnoIngresso,,,,,,,,,,,,,,,,,,,,,,,,,,,,,,1,3,,,,0,,,,3,,,1,1,0,,,,1,1,0,1,2,1,,,1,,,1,1,1,1,0,,,,,0,,0,0,,,0.00,1,1,1,1
Public Method,...model.Estudante.getCurso,,,,,,,,,,,,,,,,,,,,,,,,,,,,,,2,3,,,,0,,,,3,,,1,1,0,,,,1,1,0,1,2,1,,,1,,,1,1,1,1,0,,,,,0,,0,0,,,0.00,1,1,1,1
Public Method,...model.Estudante.getFormando,,,,,,,,,,,,,,,,,,,,,,,,,,,,,,1,3,,,,0,,,,3,,,1,1,0,,,,1,1,0,1,2,1,,,1,,,1,1,1,1,0,,,,,0,,0,0,,,0.00,1,1,1,1
Public Method,...model.Estudante.getId,,,,,,,,,,,,,,,,,,,,,,,,,,,,,,1,3,,,,0,,,,3,,,1,1,0,,,,1,1,0,1,2,1,,,1,,,1,1,1,1,0,,,,,0,,0,0,,,0.00,1,1,1,1
Public Method,...model.Estudante.getMatricula,,,,,,,,,,,,,,,,,,,,,,,,,,,,,,2,3,,,,0,,,,3,,,1,1,0,,,,1,1,0,1,2,1,,,1,,,1,1,1,1,0,,,,,0,,0,0,,,0.00,1,1,1,1
Public Method,...model.Estudante.getQuantidadeTotalHoras,,,,,,,,,,,,,,,,,,,,,,,,,,,,,,1,3,,,,0,,,,3,,,1,1,0,,,,1,1,0,1,2,1,,,1,,,1,1,1,1,0,,,,,0,,0,0,,,0.00,1,1,1,1
Public Method,...model.Estudante.getSemestreIngresso,,,,,,,,,,,,,,,,,,,,,,,,,,,,,,1,3,,,,0,,,,3,,,1,1,0,,,,1,1,0,1,2,1,,,1,,,1,1,1,1,0,,,,,0,,0,0,,,0.00,1,1,1,1
Public Method,...model.Estudante.getSolicitacaoColetivas,,,,,,,,,,,,,,,,,,,,,,,,,,,,,,1,3,,,,0,,,,3,,,1,1,0,,,,1,1,0,1,2,1,,,1,,,1,1,1,1,0,,,,,0,,0,0,,,0.00,1,1,1,1
Public Method,...model.Estudante.getSolicitacoes,,,,,,,,,,,,,,,,,,,,,,,,,,,,,,1,3,,,,0,,,,3,,,1,1,0,,,,1,1,0,1,2,1,,,1,,,1,1,1,1,0,,,,,0,,0,0,,,0.00,1,1,1,1
Public Method,...model.Estudante.getTelefone,,,,,,,,,,,,,,,,,,,,,,,,,,,,,,1,3,,,,0,,,,3,,,1,1,0,,,,1,1,0,1,2,1,,,1,,,1,1,1,1,0,,,,,0,,0,0,,,0.00,1,1,1,1
Public Method,...model.Estudante.getUsuario,,,,,,,,,,,,,,,,,,,,,,,,,,,,,,7,3,,,,0,,,,3,,,1,1,0,,,,1,1,0,1,2,1,,,1,,,1,1,1,1,0,,,,,0,,0,0,,,0.00,1,1,1,1
Public Method,...model.Estudante.hashCode,,,,,,,,,,,,,,,,,,,,,,,,,,,,,,1,3,,,,0,,,,3,,,1,1,0,,,,2,1,0,1,2,1,,,1,,,1,1,1,1,0,,,,,0,,0,0,,,0.00,1,1,1,1
Public Method,...model.Estudante.setAnoIngresso,,,,,,,,,,,,,,,,,,,,,,,,,,,,,,1,3,,,,0,,,,3,,,1,1,0,,,,1,1,0,1,2,1,,,1,,,1,1,1,1,0,,,,,0,,0,0,,,0.00,1,1,1,1
Public Method,...model.Estudante.setCurso,,,,,,,,,,,,,,,,,,,,,,,,,,,,,,1,3,,,,0,,,,3,,,1,1,0,,,,1,1,0,1,2,1,,,1,,,1,1,1,1,0,,,,,0,,0,0,,,0.00,1,1,1,1
Public Method,...model.Estudante.setFormando,,,,,,,,,,,,,,,,,,,,,,,,,,,,,,1,3,,,,0,,,,3,,,1,1,0,,,,1,1,0,1,2,1,,,1,,,1,1,1,1,0,,,,,0,,0,0,,,0.00,1,1,1,1
Public Method,...model.Estudante.setId,,,,,,,,,,,,,,,,,,,,,,,,,,,,,,1,3,,,,0,,,,3,,,1,1,0,,,,1,1,0,1,2,1,,,1,,,1,1,1,1,0,,,,,0,,0,0,,,0.00,1,1,1,1
Public Method,...model.Estudante.setMatricula,,,,,,,,,,,,,,,,,,,,,,,,,,,,,,1,3,,,,0,,,,3,,,1,1,0,,,,1,1,0,1,2,1,,,1,,,1,1,1,1,0,,,,,0,,0,0,,,0.00,1,1,1,1
Public Method,...model.Estudante.setQuantidadeTotalHoras,,,,,,,,,,,,,,,,,,,,,,,,,,,,,,1,3,,,,0,,,,3,,,1,1,0,,,,1,1,0,1,2,1,,,1,,,1,1,1,1,0,,,,,0,,0,0,,,0.00,1,1,1,1
Public Method,...model.Estudante.setSemestreIngresso,,,,,,,,,,,,,,,,,,,,,,,,,,,,,,1,3,,,,0,,,,3,,,1,1,0,,,,1,1,0,1,2,1,,,1,,,1,1,1,1,0,,,,,0,,0,0,,,0.00,1,1,1,1
Public Method,...model.Estudante.setSolicitacaoColetivas,,,,,,,,,,,,,,,,,,,,,,,,,,,,,,1,3,,,,0,,,,3,,,1,1,0,,,,1,1,0,1,2,1,,,1,,,1,1,1,1,0,,,,,0,,0,0,,,0.00,1,1,1,1
Public Method,...model.Estudante.setSolicitacoes,,,,,,,,,,,,,,,,,,,,,,,,,,,,,,1,3,,,,0,,,,3,,,1,1,0,,,,1,1,0,1,2,1,,,1,,,1,1,1,1,0,,,,,0,,0,0,,,0.00,1,1,1,1
Public Method,...model.Estudante.setTelefone,,,,,,,,,,,,,,,,,,,,,,,,,,,,,,1,3,,,,0,,,,3,,,1,1,0,,,,1,1,0,1,2,1,,,1,,,1,1,1,1,0,,,,,0,,0,0,,,0.00,1,1,1,1
Public Method,...model.Estudante.setUsuario,,,,,,,,,,,,,,,,,,,,,,,,,,,,,,2,3,,,,0,,,,3,,,1,1,0,,,,1,1,0,1,2,1,,,1,,,1,1,1,1,0,,,,,0,,0,0,,,0.00,1,1,1,1
Public Method,...model.Estudante.setUsuarioPassword,,,,,,,,,,,,,,,,,,,,,,,,,,,,,,3,3,,,,0,,,,3,,,1,1,0,,,,1,1,0,1,2,1,,,1,,,1,1,1,1,0,,,,,0,,0,0,,,0.00,1,1,1,1
Public Enum Type,...model.Papel,1,1,1,1,1,0,1,0,2,2,2,0,,0,0,,,,5,6,,,,5,5,1,0,0,4,,19,,,,4,,,,15,,,8,3,0,,,,,,,5,8,5,,,3,,,,,,,,1,1,1,1,,1,0,,,,0.00,5,5,5,5
Constructor,...model.Papel.Papel,,,,,,,,,,,,,,,,,,,,,,,,,,,,,,1,3,,,,0,,,,3,,,1,1,0,,,,2,1,0,1,2,1,,,1,,,1,1,1,1,0,,,,,0,,0,0,,,0.00,1,1,1,1
Public Method,...model.Papel.getAuthority,,,,,,,,,,,,,,,,,,,,,,,,,,,,,,1,3,,,,0,,,,3,,,1,1,0,,,,2,1,0,1,2,1,,,1,,,1,1,1,1,0,,,,,0,,0,0,,,0.00,1,1,1,1
Public Method,...model.Papel.getNome,,,,,,,,,,,,,,,,,,,,,,,,,,,,,,1,3,,,,0,,,,3,,,1,1,0,,,,1,1,0,1,2,1,,,1,,,1,1,1,1,0,,,,,0,,0,0,,,0.00,1,1,1,1
Public Method,...model.Papel.valueOf,,,,,,,,,,,,,,,,,,,,,,,,,,,,,,0,0,,,,0,,,,0,,,0,0,0,,,,1,0,0,0,0,0,,,0,,,1,1,1,1,0,,,,,0,,0,0,,,0.00,1,1,1,1
Public Method,...model.Papel.values,,,,,,,,,,,,,,,,,,,,,,,,,,,,,,0,0,,,,0,,,,0,,,0,0,0,,,,1,0,0,0,0,0,,,0,,,1,1,1,1,0,,,,,0,,0,0,,,0.00,1,1,1,1
Public Class,...model.Servidor,1,1,1,1,3,0,3,0,2,12,12,0,,0,1,,,,12,4,,,,12,12,0,0,0,12,,74,,,,18,,,,56,,,27,18,0,,,,,,,22,37,19,,,18,,,,,,,,3,3,4,3,,1,1,,70,70,0.00,14,14,15,14
Public Constructor,...model.Servidor.Servidor,,,,,,,,,,,,,,,,,,,,,,,,,,,,,,4,6,,,,0,,,,6,,,1,4,0,,,,5,1,0,4,5,1,,,4,,,1,1,1,1,0,,,,,0,,0,0,,,0.00,1,1,1,1
Public Constructor,...model.Servidor.Servidor,,,,,,,,,,,,,,,,,,,,,,,,,,,,,,0,3,,,,1,,,,2,,,1,0,0,,,,1,1,0,0,1,1,,,0,,,1,1,1,1,0,,,,,0,,0,0,,,0.00,1,1,1,1
Public Method,...model.Servidor.equals,,,,,,,,,,,,,,,,,,,,,,,,,,,,,,2,6,,,,0,,,,6,,,2,4,0,,,,3,3,0,4,7,2,,,5,,,3,3,4,3,2,,,,,2,,1,2,,,0.00,3,3,4,3
Public Method,...model.Servidor.getId,,,,,,,,,,,,,,,,,,,,,,,,,,,,,,1,3,,,,0,,,,3,,,1,1,0,,,,1,1,0,1,2,1,,,1,,,1,1,1,1,0,,,,,0,,0,0,,,0.00,1,1,1,1
Public Method,...model.Servidor.getSiape,,,,,,,,,,,,,,,,,,,,,,,,,,,,,,2,3,,,,0,,,,3,,,1,1,0,,,,1,1,0,1,2,1,,,1,,,1,1,1,1,0,,,,,0,,0,0,,,0.00,1,1,1,1
Public Method,...model.Servidor.getSolicitacoesColetivas,,,,,,,,,,,,,,,,,,,,,,,,,,,,,,1,3,,,,0,,,,3,,,1,1,0,,,,1,1,0,1,2,1,,,1,,,1,1,1,1,0,,,,,0,,0,0,,,0.00,1,1,1,1
Public Method,...model.Servidor.getUsuario,,,,,,,,,,,,,,,,,,,,,,,,,,,,,,3,3,,,,0,,,,3,,,1,1,0,,,,1,1,0,1,2,1,,,1,,,1,1,1,1,0,,,,,0,,0,0,,,0.00,1,1,1,1
Public Method,...model.Servidor.hashCode,,,,,,,,,,,,,,,,,,,,,,,,,,,,,,1,3,,,,0,,,,3,,,1,1,0,,,,2,1,0,1,2,1,,,1,,,1,1,1,1,0,,,,,0,,0,0,,,0.00,1,1,1,1
Public Method,...model.Servidor.setId,,,,,,,,,,,,,,,,,,,,,,,,,,,,,,1,3,,,,0,,,,3,,,1,1,0,,,,1,1,0,1,2,1,,,1,,,1,1,1,1,0,,,,,0,,0,0,,,0.00,1,1,1,1
Public Method,...model.Servidor.setSiape,,,,,,,,,,,,,,,,,,,,,,,,,,,,,,1,3,,,,0,,,,3,,,1,1,0,,,,1,1,0,1,2,1,,,1,,,1,1,1,1,0,,,,,0,,0,0,,,0.00,1,1,1,1
Public Method,...model.Servidor.setSolicitacoesColetivas,,,,,,,,,,,,,,,,,,,,,,,,,,,,,,1,3,,,,0,,,,3,,,1,1,0,,,,1,1,0,1,2,1,,,1,,,1,1,1,1,0,,,,,0,,0,0,,,0.00,1,1,1,1
Public Method,...model.Servidor.setUsuario,,,,,,,,,,,,,,,,,,,,,,,,,,,,,,2,3,,,,0,,,,3,,,1,1,0,,,,1,1,0,1,2,1,,,1,,,1,1,1,1,0,,,,,0,,0,0,,,0.00,1,1,1,1
Public Class,...model.Solicitacao,1,1,1,1,3,0,3,0,2,15,15,0,,0,1,,,,18,6,,,,18,18,0,0,0,18,,111,,,,26,,,,85,,,38,30,0,,,,,,,36,57,27,,,30,,,,,,,,3,3,4,3,,1,1,,80,75,0.00,20,20,21,20
Public Constructor,...model.Solicitacao.Solicitacao,,,,,,,,,,,,,,,,,,,,,,,,,,,,,,6,8,,,,0,,,,8,,,1,6,0,,,,7,1,0,6,7,1,,,6,,,1,1,1,1,0,,,,,0,,0,0,,,0.00,1,1,1,1
Public Constructor,...model.Solicitacao.Solicitacao,,,,,,,,,,,,,,,,,,,,,,,,,,,,,,0,3,,,,1,,,,2,,,1,0,0,,,,1,1,0,0,1,1,,,0,,,1,1,1,1,0,,,,,0,,0,0,,,0.00,1,1,1,1
Public Method,...model.Solicitacao.addAtividade,,,,,,,,,,,,,,,,,,,,,,,,,,,,,,3,3,,,,0,,,,3,,,1,1,0,,,,1,1,0,1,2,1,,,1,,,1,1,1,1,0,,,,,0,,0,0,,,0.00,1,1,1,1
Public Method,...model.Solicitacao.equals,,,,,,,,,,,,,,,,,,,,,,,,,,,,,,2,6,,,,0,,,,6,,,2,4,0,,,,3,3,0,4,7,2,,,5,,,3,3,4,3,2,,,,,2,,1,2,,,0.00,3,3,4,3
Public Method,...model.Solicitacao.getAtividades,,,,,,,,,,,,,,,,,,,,,,,,,,,,,,2,3,,,,0,,,,3,,,1,1,0,,,,1,1,0,1,2,1,,,1,,,1,1,1,1,0,,,,,0,,0,0,,,0.00,1,1,1,1
Public Method,...model.Solicitacao.getCurso,,,,,,,,,,,,,,,,,,,,,,,,,,,,,,2,3,,,,0,,,,3,,,1,1,0,,,,1,1,0,1,2,1,,,1,,,1,1,1,1,0,,,,,0,,0,0,,,0.00,1,1,1,1
Public Method,...model.Solicitacao.getDataEntrega,,,,,,,,,,,,,,,,,,,,,,,,,,,,,,2,3,,,,0,,,,3,,,1,1,0,,,,1,1,0,1,2,1,,,1,,,1,1,1,1,0,,,,,0,,0,0,,,0.00,1,1,1,1
Public Method,...model.Solicitacao.getEstudante,,,,,,,,,,,,,,,,,,,,,,,,,,,,,,5,3,,,,0,,,,3,,,1,1,0,,,,1,1,0,1,2,1,,,1,,,1,1,1,1,0,,,,,0,,0,0,,,0.00,1,1,1,1
Public Method,...model.Solicitacao.getId,,,,,,,,,,,,,,,,,,,,,,,,,,,,,,2,3,,,,0,,,,3,,,1,1,0,,,,1,1,0,1,2,1,,,1,,,1,1,1,1,0,,,,,0,,0,0,,,0.00,1,1,1,1
Public Method,...model.Solicitacao.getStatusSolicitacao,,,,,,,,,,,,,,,,,,,,,,,,,,,,,,4,3,,,,0,,,,3,,,1,1,0,,,,1,1,0,1,2,1,,,1,,,1,1,1,1,0,,,,,0,,0,0,,,0.00,1,1,1,1
Public Method,...model.Solicitacao.hashCode,,,,,,,,,,,,,,,,,,,,,,,,,,,,,,1,3,,,,0,,,,3,,,1,1,0,,,,2,1,0,1,2,1,,,1,,,1,1,1,1,0,,,,,0,,0,0,,,0.00,1,1,1,1
Public Method,...model.Solicitacao.setAtividades,,,,,,,,,,,,,,,,,,,,,,,,,,,,,,2,3,,,,0,,,,3,,,1,1,0,,,,1,1,0,1,2,1,,,1,,,1,1,1,1,0,,,,,0,,0,0,,,0.00,1,1,1,1
Public Method,...model.Solicitacao.setCurso,,,,,,,,,,,,,,,,,,,,,,,,,,,,,,3,3,,,,0,,,,3,,,1,1,0,,,,1,1,0,1,2,1,,,1,,,1,1,1,1,0,,,,,0,,0,0,,,0.00,1,1,1,1
Public Method,...model.Solicitacao.setDataEntrega,,,,,,,,,,,,,,,,,,,,,,,,,,,,,,3,3,,,,0,,,,3,,,1,1,0,,,,1,1,0,1,2,1,,,1,,,1,1,1,1,0,,,,,0,,0,0,,,0.00,1,1,1,1
Public Method,...model.Solicitacao.setEstudante,,,,,,,,,,,,,,,,,,,,,,,,,,,,,,3,3,,,,0,,,,3,,,1,1,0,,,,1,1,0,1,2,1,,,1,,,1,1,1,1,0,,,,,0,,0,0,,,0.00,1,1,1,1
Public Method,...model.Solicitacao.setId,,,,,,,,,,,,,,,,,,,,,,,,,,,,,,2,3,,,,0,,,,3,,,1,1,0,,,,1,1,0,1,2,1,,,1,,,1,1,1,1,0,,,,,0,,0,0,,,0.00,1,1,1,1
Public Method,...model.Solicitacao.setStatusSolicitacao,,,,,,,,,,,,,,,,,,,,,,,,,,,,,,3,3,,,,0,,,,3,,,1,1,0,,,,1,1,0,1,2,1,,,1,,,1,1,1,1,0,,,,,0,,0,0,,,0.00,1,1,1,1
Public Method,...model.Solicitacao.uptadeSolicitacao,,,,,,,,,,,,,,,,,,,,,,,,,,,,,,6,7,,,,0,,,,7,,,1,5,0,,,,5,1,0,5,6,1,,,5,,,1,1,1,1,0,,,,,0,,0,0,,,0.00,1,1,1,1
Public Class,...model.SolicitacaoColetiva,1,1,1,1,3,0,3,0,2,19,19,0,,0,1,,,,28,13,,,,28,28,0,0,0,28,,172,,,,41,,,,131,,,72,32,0,,,,,,,45,76,44,,,32,,,,,,,,3,3,4,3,,1,1,,92,92,0.00,30,30,31,30
Public Method,...model.SolicitacaoColetiva.equals,,,,,,,,,,,,,,,,,,,,,,,,,,,,,,2,6,,,,0,,,,6,,,2,4,0,,,,3,3,0,4,7,2,,,5,,,3,3,4,3,2,,,,,2,,1,2,,,0.00,3,3,4,3
Public Method,...model.SolicitacaoColetiva.getCursos,,,,,,,,,,,,,,,,,,,,,,,,,,,,,,1,3,,,,0,,,,3,,,1,1,0,,,,1,1,0,1,2,1,,,1,,,1,1,1,1,0,,,,,0,,0,0,,,0.00,1,1,1,1
Public Method,...model.SolicitacaoColetiva.getDataFim,,,,,,,,,,,,,,,,,,,,,,,,,,,,,,1,3,,,,0,,,,3,,,1,1,0,,,,1,1,0,1,2,1,,,1,,,1,1,1,1,0,,,,,0,,0,0,,,0.00,1,1,1,1
Public Method,...model.SolicitacaoColetiva.getDataInicio,,,,,,,,,,,,,,,,,,,,,,,,,,,,,,1,3,,,,0,,,,3,,,1,1,0,,,,1,1,0,1,2,1,,,1,,,1,1,1,1,0,,,,,0,,0,0,,,0.00,1,1,1,1
Public Method,...model.SolicitacaoColetiva.getDescricao,,,,,,,,,,,,,,,,,,,,,,,,,,,,,,1,3,,,,0,,,,3,,,1,1,0,,,,1,1,0,1,2,1,,,1,,,1,1,1,1,0,,,,,0,,0,0,,,0.00,1,1,1,1
Public Method,...model.SolicitacaoColetiva.getEstudantes,,,,,,,,,,,,,,,,,,,,,,,,,,,,,,2,3,,,,0,,,,3,,,1,1,0,,,,1,1,0,1,2,1,,,1,,,1,1,1,1,0,,,,,0,,0,0,,,0.00,1,1,1,1
Public Method,...model.SolicitacaoColetiva.getHorasTotais,,,,,,,,,,,,,,,,,,,,,,,,,,,,,,1,3,,,,0,,,,3,,,1,1,0,,,,1,1,0,1,2,1,,,1,,,1,1,1,1,0,,,,,0,,0,0,,,0.00,1,1,1,1
Public Method,...model.SolicitacaoColetiva.getId,,,,,,,,,,,,,,,,,,,,,,,,,,,,,,1,3,,,,0,,,,3,,,1,1,0,,,,1,1,0,1,2,1,,,1,,,1,1,1,1,0,,,,,0,,0,0,,,0.00,1,1,1,1
Public Method,...model.SolicitacaoColetiva.getNomeEvento,,,,,,,,,,,,,,,,,,,,,,,,,,,,,,1,3,,,,0,,,,3,,,1,1,0,,,,1,1,0,1,2,1,,,1,,,1,1,1,1,0,,,,,0,,0,0,,,0.00,1,1,1,1
Public Method,...model.SolicitacaoColetiva.getObjetivo,,,,,,,,,,,,,,,,,,,,,,,,,,,,,,1,3,,,,0,,,,3,,,1,1,0,,,,1,1,0,1,2,1,,,1,,,1,1,1,1,0,,,,,0,,0,0,,,0.00,1,1,1,1
Public Method,...model.SolicitacaoColetiva.getServidor,,,,,,,,,,,,,,,,,,,,,,,,,,,,,,2,3,,,,0,,,,3,,,1,1,0,,,,1,1,0,1,2,1,,,1,,,1,1,1,1,0,,,,,0,,0,0,,,0.00,1,1,1,1
Public Method,...model.SolicitacaoColetiva.getSolicitante,,,,,,,,,,,,,,,,,,,,,,,,,,,,,,3,3,,,,0,,,,3,,,1,1,0,,,,1,1,0,1,2,1,,,1,,,1,1,1,1,0,,,,,0,,0,0,,,0.00,1,1,1,1
Public Method,...model.SolicitacaoColetiva.getStatusSolicitacao,,,,,,,,,,,,,,,,,,,,,,,,,,,,,,4,3,,,,0,,,,3,,,1,1,0,,,,1,1,0,1,2,1,,,1,,,1,1,1,1,0,,,,,0,,0,0,,,0.00,1,1,1,1
Public Method,...model.SolicitacaoColetiva.getTipoAtividade,,,,,,,,,,,,,,,,,,,,,,,,,,,,,,1,3,,,,0,,,,3,,,1,1,0,,,,1,1,0,1,2,1,,,1,,,1,1,1,1,0,,,,,0,,0,0,,,0.00,1,1,1,1
Public Method,...model.SolicitacaoColetiva.hashCode,,,,,,,,,,,,,,,,,,,,,,,,,,,,,,1,3,,,,0,,,,3,,,1,1,0,,,,2,1,0,1,2,1,,,1,,,1,1,1,1,0,,,,,0,,0,0,,,0.00,1,1,1,1
Public Method,...model.SolicitacaoColetiva.setCursos,,,,,,,,,,,,,,,,,,,,,,,,,,,,,,1,3,,,,0,,,,3,,,1,1,0,,,,1,1,0,1,2,1,,,1,,,1,1,1,1,0,,,,,0,,0,0,,,0.00,1,1,1,1
Public Method,...model.SolicitacaoColetiva.setDataFim,,,,,,,,,,,,,,,,,,,,,,,,,,,,,,1,3,,,,0,,,,3,,,1,1,0,,,,1,1,0,1,2,1,,,1,,,1,1,1,1,0,,,,,0,,0,0,,,0.00,1,1,1,1
Public Method,...model.SolicitacaoColetiva.setDataInicio,,,,,,,,,,,,,,,,,,,,,,,,,,,,,,1,3,,,,0,,,,3,,,1,1,0,,,,1,1,0,1,2,1,,,1,,,1,1,1,1,0,,,,,0,,0,0,,,0.00,1,1,1,1
Public Method,...model.SolicitacaoColetiva.setDescricao,,,,,,,,,,,,,,,,,,,,,,,,,,,,,,1,3,,,,0,,,,3,,,1,1,0,,,,1,1,0,1,2,1,,,1,,,1,1,1,1,0,,,,,0,,0,0,,,0.00,1,1,1,1
Public Method,...model.SolicitacaoColetiva.setEstudantes,,,,,,,,,,,,,,,,,,,,,,,,,,,,,,1,3,,,,0,,,,3,,,1,1,0,,,,1,1,0,1,2,1,,,1,,,1,1,1,1,0,,,,,0,,0,0,,,0.00,1,1,1,1
Public Method,...model.SolicitacaoColetiva.setHorasTotais,,,,,,,,,,,,,,,,,,,,,,,,,,,,,,1,3,,,,0,,,,3,,,1,1,0,,,,1,1,0,1,2,1,,,1,,,1,1,1,1,0,,,,,0,,0,0,,,0.00,1,1,1,1
Public Method,...model.SolicitacaoColetiva.setId,,,,,,,,,,,,,,,,,,,,,,,,,,,,,,1,3,,,,0,,,,3,,,1,1,0,,,,1,1,0,1,2,1,,,1,,,1,1,1,1,0,,,,,0,,0,0,,,0.00,1,1,1,1
Public Method,...model.SolicitacaoColetiva.setNomeEvento,,,,,,,,,,,,,,,,,,,,,,,,,,,,,,1,3,,,,0,,,,3,,,1,1,0,,,,1,1,0,1,2,1,,,1,,,1,1,1,1,0,,,,,0,,0,0,,,0.00,1,1,1,1
Public Method,...model.SolicitacaoColetiva.setObjetivo,,,,,,,,,,,,,,,,,,,,,,,,,,,,,,1,3,,,,0,,,,3,,,1,1,0,,,,1,1,0,1,2,1,,,1,,,1,1,1,1,0,,,,,0,,0,0,,,0.00,1,1,1,1
Public Method,...model.SolicitacaoColetiva.setServidor,,,,,,,,,,,,,,,,,,,,,,,,,,,,,,1,3,,,,0,,,,3,,,1,1,0,,,,1,1,0,1,2,1,,,1,,,1,1,1,1,0,,,,,0,,0,0,,,0.00,1,1,1,1
Public Method,...model.SolicitacaoColetiva.setSolicitante,,,,,,,,,,,,,,,,,,,,,,,,,,,,,,2,3,,,,0,,,,3,,,1,1,0,,,,1,1,0,1,2,1,,,1,,,1,1,1,1,0,,,,,0,,0,0,,,0.00,1,1,1,1
Public Method,...model.SolicitacaoColetiva.setStatusSolicitacao,,,,,,,,,,,,,,,,,,,,,,,,,,,,,,3,3,,,,0,,,,3,,,1,1,0,,,,1,1,0,1,2,1,,,1,,,1,1,1,1,0,,,,,0,,0,0,,,0.00,1,1,1,1
Public Method,...model.SolicitacaoColetiva.setTipoAtividade,,,,,,,,,,,,,,,,,,,,,,,,,,,,,,1,3,,,,0,,,,3,,,1,1,0,,,,1,1,0,1,2,1,,,1,,,1,1,1,1,0,,,,,0,,0,0,,,0.00,1,1,1,1
Public Enum Type,...model.StatusSolicitacao,1,1,1,1,1,0,1,0,1,1,1,0,,0,0,,,,4,5,,,,4,4,1,0,0,3,,16,,,,3,,,,13,,,8,2,0,,,,,,,4,6,4,,,2,,,,,,,,1,1,1,1,,1,0,,,,0.00,4,4,4,4
Constructor,...model.StatusSolicitacao.StatusSolicitacao,,,,,,,,,,,,,,,,,,,,,,,,,,,,,,1,3,,,,0,,,,3,,,1,1,0,,,,2,1,0,1,2,1,,,1,,,1,1,1,1,0,,,,,0,,0,0,,,0.00,1,1,1,1
Public Method,...model.StatusSolicitacao.getDescricao,,,,,,,,,,,,,,,,,,,,,,,,,,,,,,0,3,,,,0,,,,3,,,1,1,0,,,,1,1,0,1,2,1,,,1,,,1,1,1,1,0,,,,,0,,0,0,,,0.00,1,1,1,1
Public Method,...model.StatusSolicitacao.valueOf,,,,,,,,,,,,,,,,,,,,,,,,,,,,,,0,0,,,,0,,,,0,,,0,0,0,,,,1,0,0,0,0,0,,,0,,,1,1,1,1,0,,,,,0,,0,0,,,0.00,1,1,1,1
Public Method,...model.StatusSolicitacao.values,,,,,,,,,,,,,,,,,,,,,,,,,,,,,,0,0,,,,0,,,,0,,,0,0,0,,,,1,0,0,0,0,0,,,0,,,1,1,1,1,0,,,,,0,,0,0,,,0.00,1,1,1,1
Public Enum Type,...model.Tipo,1,1,1,1,1,0,1,0,1,1,1,0,,0,0,,,,4,8,,,,4,4,1,0,0,3,,20,,,,4,,,,16,,,11,2,0,,,,,,,4,6,4,,,2,,,,,,,,1,1,1,1,,1,0,,,,0.00,4,4,4,4
Constructor,...model.Tipo.Tipo,,,,,,,,,,,,,,,,,,,,,,,,,,,,,,1,3,,,,0,,,,3,,,1,1,0,,,,2,1,0,1,2,1,,,1,,,1,1,1,1,0,,,,,0,,0,0,,,0.00,1,1,1,1
Public Method,...model.Tipo.getNome,,,,,,,,,,,,,,,,,,,,,,,,,,,,,,1,3,,,,0,,,,3,,,1,1,0,,,,1,1,0,1,2,1,,,1,,,1,1,1,1,0,,,,,0,,0,0,,,0.00,1,1,1,1
Public Method,...model.Tipo.valueOf,,,,,,,,,,,,,,,,,,,,,,,,,,,,,,0,0,,,,0,,,,0,,,0,0,0,,,,1,0,0,0,0,0,,,0,,,1,1,1,1,0,,,,,0,,0,0,,,0.00,1,1,1,1
Public Method,...model.Tipo.values,,,,,,,,,,,,,,,,,,,,,,,,,,,,,,0,0,,,,0,,,,0,,,0,0,0,,,,1,0,0,0,0,0,,,0,,,1,1,1,1,0,,,,,0,,0,0,,,0.00,1,1,1,1
Public Class,...model.Usuario,1,1,1,1,3,0,3,0,3,16,16,0,,0,1,,,,23,6,,,,23,23,0,0,0,23,,141,,,,29,,,,112,,,52,38,0,,,,,,,38,68,32,,,36,,,,,,,,7,7,7,7,,1,2,,84,84,0.00,29,29,29,29
Public Constructor,...model.Usuario.Usuario,,,,,,,,,,,,,,,,,,,,,,,,,,,,,,0,1,,,,0,,,,1,,,1,0,0,,,,1,1,0,0,1,1,,,0,,,1,1,1,1,0,,,,,0,,0,0,,,0.00,1,1,1,1
Public Constructor,...model.Usuario.Usuario,,,,,,,,,,,,,,,,,,,,,,,,,,,,,,4,6,,,,0,,,,6,,,1,4,0,,,,5,1,0,4,5,1,,,4,,,1,1,1,1,0,,,,,0,,0,0,,,0.00,1,1,1,1
Public Method,...model.Usuario.equals,,,,,,,,,,,,,,,,,,,,,,,,,,,,,,6,16,,,,0,,,,16,,,2,13,0,,,,3,7,1,7,14,2,,,12,,,7,7,7,7,8,,,,,8,,2,8,,,0.00,7,7,7,7
Public Method,...model.Usuario.getAuthorities,,,,,,,,,,,,,,,,,,,,,,,,,,,,,,1,3,,,,0,,,,3,,,1,1,0,,,,1,1,0,1,2,1,,,1,,,1,1,1,1,0,,,,,0,,0,0,,,0.00,1,1,1,1
Public Method,...model.Usuario.getEmail,,,,,,,,,,,,,,,,,,,,,,,,,,,,,,5,3,,,,0,,,,3,,,1,1,0,,,,1,1,0,1,2,1,,,1,,,1,1,1,1,0,,,,,0,,0,0,,,0.00,1,1,1,1
Public Method,...model.Usuario.getId,,,,,,,,,,,,,,,,,,,,,,,,,,,,,,1,3,,,,0,,,,3,,,1,1,0,,,,1,1,0,1,2,1,,,1,,,1,1,1,1,0,,,,,0,,0,0,,,0.00,1,1,1,1
Public Method,...model.Usuario.getNome,,,,,,,,,,,,,,,,,,,,,,,,,,,,,,2,3,,,,0,,,,3,,,1,1,0,,,,1,1,0,1,2,1,,,1,,,1,1,1,1,0,,,,,0,,0,0,,,0.00,1,1,1,1
Public Method,...model.Usuario.getPapeis,,,,,,,,,,,,,,,,,,,,,,,,,,,,,,1,3,,,,0,,,,3,,,1,1,0,,,,1,1,0,1,2,1,,,1,,,1,1,1,1,0,,,,,0,,0,0,,,0.00,1,1,1,1
Public Method,...model.Usuario.getPassword,,,,,,,,,,,,,,,,,,,,,,,,,,,,,,5,3,,,,0,,,,3,,,1,1,0,,,,1,1,0,1,2,1,,,1,,,1,1,1,1,0,,,,,0,,0,0,,,0.00,1,1,1,1
Public Method,...model.Usuario.getRoles,,,,,,,,,,,,,,,,,,,,,,,,,,,,,,0,3,,,,0,,,,3,,,1,1,0,,,,1,1,0,1,2,1,,,1,,,1,1,1,1,0,,,,,0,,0,0,,,0.00,1,1,1,1
Public Method,...model.Usuario.getUsername,,,,,,,,,,,,,,,,,,,,,,,,,,,,,,1,3,,,,0,,,,3,,,1,1,0,,,,1,1,0,1,2,1,,,1,,,1,1,1,1,0,,,,,0,,0,0,,,0.00,1,1,1,1
Public Method,...model.Usuario.hashCode,,,,,,,,,,,,,,,,,,,,,,,,,,,,,,1,3,,,,0,,,,3,,,1,1,0,,,,2,1,0,1,2,1,,,1,,,1,1,1,1,0,,,,,0,,0,0,,,0.00,1,1,1,1
Public Method,...model.Usuario.isAccountNonExpired,,,,,,,,,,,,,,,,,,,,,,,,,,,,,,0,3,,,,0,,,,3,,,1,1,0,,,,1,1,0,1,2,1,,,1,,,1,1,1,1,0,,,,,0,,0,0,,,0.00,1,1,1,1
Public Method,...model.Usuario.isAccountNonLocked,,,,,,,,,,,,,,,,,,,,,,,,,,,,,,0,3,,,,0,,,,3,,,1,1,0,,,,1,1,0,1,2,1,,,1,,,1,1,1,1,0,,,,,0,,0,0,,,0.00,1,1,1,1
Public Method,...model.Usuario.isCredentialsNonExpired,,,,,,,,,,,,,,,,,,,,,,,,,,,,,,0,3,,,,0,,,,3,,,1,1,0,,,,1,1,0,1,2,1,,,1,,,1,1,1,1,0,,,,,0,,0,0,,,0.00,1,1,1,1
Public Method,...model.Usuario.isEnabled,,,,,,,,,,,,,,,,,,,,,,,,,,,,,,2,3,,,,0,,,,3,,,1,1,0,,,,1,1,0,1,2,1,,,1,,,1,1,1,1,0,,,,,0,,0,0,,,0.00,1,1,1,1
Public Method,...model.Usuario.isHabilitado,,,,,,,,,,,,,,,,,,,,,,,,,,,,,,1,3,,,,0,,,,3,,,1,1,0,,,,1,1,0,1,2,1,,,1,,,1,1,1,1,0,,,,,0,,0,0,,,0.00,1,1,1,1
Public Method,...model.Usuario.setEmail,,,,,,,,,,,,,,,,,,,,,,,,,,,,,,1,3,,,,0,,,,3,,,1,1,0,,,,1,1,0,1,2,1,,,1,,,1,1,1,1,0,,,,,0,,0,0,,,0.00,1,1,1,1
Public Method,...model.Usuario.setHabilitado,,,,,,,,,,,,,,,,,,,,,,,,,,,,,,2,3,,,,0,,,,3,,,1,1,0,,,,1,1,0,1,2,1,,,1,,,1,1,1,1,0,,,,,0,,0,0,,,0.00,1,1,1,1
Public Method,...model.Usuario.setId,,,,,,,,,,,,,,,,,,,,,,,,,,,,,,1,3,,,,0,,,,3,,,1,1,0,,,,1,1,0,1,2,1,,,1,,,1,1,1,1,0,,,,,0,,0,0,,,0.00,1,1,1,1
Public Method,...model.Usuario.setNome,,,,,,,,,,,,,,,,,,,,,,,,,,,,,,1,3,,,,0,,,,3,,,1,1,0,,,,1,1,0,1,2,1,,,1,,,1,1,1,1,0,,,,,0,,0,0,,,0.00,1,1,1,1
Public Method,...model.Usuario.setPapeis,,,,,,,,,,,,,,,,,,,,,,,,,,,,,,1,3,,,,0,,,,3,,,1,1,0,,,,1,1,0,1,2,1,,,1,,,1,1,1,1,0,,,,,0,,0,0,,,0.00,1,1,1,1
Public Method,...model.Usuario.setPassword,,,,,,,,,,,,,,,,,,,,,,,,,,,,,,5,3,,,,0,,,,3,,,1,1,0,,,,1,1,0,1,2,1,,,1,,,1,1,1,1,0,,,,,0,,0,0,,,0.00,1,1,1,1
Package,...repository,0,0,0,0,0,0,0,0,,,,,6,0,0,,6,,5,0,,,,5,,1,0,0,4,,69,,,,19,,,,50,,,44,0,0,,,,,,,32,38,38,,,0,,,,,,,,0,0,0,0,,,0,,,,0.00,0,0,0,0
Public Interface,...repository.AtividadeRepository,0,0,0,0,0,0,0,0,1,2,2,0,,0,0,,,,1,0,,,,1,1,0,0,0,1,,3,,,,0,,,,3,,,2,0,0,,,,,,,1,2,2,,,0,,,,,,,,0,0,0,0,,2,0,,0,0,0.00,0,0,0,0
Public Abstract Method,...repository.AtividadeRepository.findBySolicitacao,,,,,,,,,,,,,,,,,,,,,,,,,,,,,,0,1,,,,0,,,,1,,,1,0,0,,,,1,0,0,1,1,1,,,0,,,0,0,0,0,0,,,,,0,,0,0,,,0.00,0,0,0,0
Public Interface,...repository.EstudanteRepository,0,0,0,0,0,0,0,0,1,3,3,0,,0,0,,,,2,0,,,,2,2,0,0,0,2,,6,,,,2,,,,4,,,3,0,0,,,,,,,2,3,3,,,0,,,,,,,,0,0,0,0,,2,0,,0,0,0.00,0,0,0,0
Public Abstract Method,...repository.EstudanteRepository.findByMatricula,,,,,,,,,,,,,,,,,,,,,,,,,,,,,,1,1,,,,0,,,,1,,,1,0,0,,,,1,0,0,1,1,1,,,0,,,0,0,0,0,0,,,,,0,,0,0,,,0.00,0,0,0,0
Public Abstract Method,...repository.EstudanteRepository.findByUsuario,,,,,,,,,,,,,,,,,,,,,,,,,,,,,,2,1,,,,0,,,,1,,,1,0,0,,,,1,0,0,1,1,1,,,0,,,0,0,0,0,0,,,,,0,,0,0,,,0.00,0,0,0,0
Public Interface,...repository.ServidorRepository,0,0,0,0,0,0,0,0,1,2,2,0,,0,0,,,,1,0,,,,1,1,0,0,0,1,,4,,,,1,,,,3,,,2,0,0,,,,,,,1,2,2,,,0,,,,,,,,0,0,0,0,,2,0,,0,0,0.00,0,0,0,0
Public Abstract Method,...repository.ServidorRepository.findBySiape,,,,,,,,,,,,,,,,,,,,,,,,,,,,,,1,1,,,,0,,,,1,,,1,0,0,,,,1,0,0,1,1,1,,,0,,,0,0,0,0,0,,,,,0,,0,0,,,0.00,0,0,0,0
Public Interface,...repository.SolicitacaoColetivaRepository,0,0,0,0,0,0,0,0,1,0,0,0,,0,0,,,,0,0,,,,0,0,0,0,0,0,,3,,,,1,,,,2,,,1,0,0,,,,,,,0,1,1,,,0,,,,,,,,0,0,0,0,,2,0,,0,0,0.00,0,0,0,0
Public Interface,...repository.SolicitacaoRepository,0,0,0,0,0,0,0,0,1,0,0,0,,0,0,,,,0,0,,,,0,0,0,0,0,0,,2,,,,0,,,,2,,,1,0,0,,,,,,,0,1,1,,,0,,,,,,,,0,0,0,0,,2,0,,0,0,0.00,0,0,0,0
Public Interface,...repository.UsuarioRepository,0,0,0,0,0,0,0,0,1,2,2,0,,0,0,,,,1,0,,,,1,1,1,0,0,0,,5,,,,2,,,,3,,,2,0,0,,,,,,,1,2,2,,,0,,,,,,,,0,0,0,0,,2,0,,0,0,0.00,0,0,0,0
Abstract Method,...repository.UsuarioRepository.findByEmail,,,,,,,,,,,,,,,,,,,,,,,,,,,,,,4,1,,,,0,,,,1,,,1,0,0,,,,1,0,0,1,1,1,,,0,,,0,0,0,0,0,,,,,0,,0,0,,,0.00,0,0,0,0
Package,...service,0,0,0,0,0,0,0,0,,,,,5,0,0,,5,,19,0,,,,19,,19,0,0,0,,81,,,,38,,,,43,,,38,0,0,,,,,,,33,38,38,,,0,,,,,,,,0,0,0,0,,,0,,,,0.00,0,0,0,0
Public Interface,...service.EstudanteService,0,0,0,0,0,0,0,0,0,1,1,1,,0,0,,,,1,0,,,,1,1,1,0,0,0,,5,,,,2,,,,3,,,2,0,0,,,,,,,1,2,2,,,0,,,,,,,,0,0,0,0,,0,0,,0,0,0.00,0,0,0,0
Abstract Method,...service.EstudanteService.save,,,,,,,,,,,,,,,,,,,,,,,,,,,,,,1,1,,,,0,,,,1,,,1,0,0,,,,1,0,0,1,1,1,,,0,,,0,0,0,0,0,,,,,0,,0,0,,,0.00,0,0,0,0
Public Interface,...service.ServidorService,0,0,0,0,0,0,0,0,0,1,1,1,,0,0,,,,1,0,,,,1,1,1,0,0,0,,4,,,,1,,,,3,,,2,0,0,,,,,,,1,2,2,,,0,,,,,,,,0,0,0,0,,0,0,,0,0,0.00,0,0,0,0
Abstract Method,...service.ServidorService.save,,,,,,,,,,,,,,,,,,,,,,,,,,,,,,1,1,,,,0,,,,1,,,1,0,0,,,,1,0,0,1,1,1,,,0,,,0,0,0,0,0,,,,,0,,0,0,,,0.00,0,0,0,0
Public Interface,...service.SolicitacaoColetivaService,0,0,0,0,0,0,0,0,0,3,3,1,,0,0,,,,4,0,,,,4,4,4,0,0,0,,12,,,,6,,,,6,,,5,0,0,,,,,,,4,5,5,,,0,,,,,,,,0,0,0,0,,0,0,,0,0,0.00,0,0,0,0
Abstract Method,...service.SolicitacaoColetivaService.addParticipants,,,,,,,,,,,,,,,,,,,,,,,,,,,,,,1,1,,,,0,,,,1,,,1,0,0,,,,1,0,0,1,1,1,,,0,,,0,0,0,0,0,,,,,0,,0,0,,,0.00,0,0,0,0
Abstract Method,...service.SolicitacaoColetivaService.assinar,,,,,,,,,,,,,,,,,,,,,,,,,,,,,,1,1,,,,0,,,,1,,,1,0,0,,,,1,0,0,1,1,1,,,0,,,0,0,0,0,0,,,,,0,,0,0,,,0.00,0,0,0,0
Abstract Method,...service.SolicitacaoColetivaService.delete,,,,,,,,,,,,,,,,,,,,,,,,,,,,,,1,1,,,,0,,,,1,,,1,0,0,,,,0,0,0,1,1,1,,,0,,,0,0,0,0,0,,,,,0,,0,0,,,0.00,0,0,0,0
Abstract Method,...service.SolicitacaoColetivaService.save,,,,,,,,,,,,,,,,,,,,,,,,,,,,,,1,1,,,,0,,,,1,,,1,0,0,,,,1,0,0,1,1,1,,,0,,,0,0,0,0,0,,,,,0,,0,0,,,0.00,0,0,0,0
Public Interface,...service.SolicitacaoService,0,0,0,0,0,0,0,0,0,3,3,1,,0,0,,,,5,0,,,,5,5,5,0,0,0,,13,,,,6,,,,7,,,6,0,0,,,,,,,5,6,6,,,0,,,,,,,,0,0,0,0,,0,0,,0,0,0.00,0,0,0,0
Abstract Method,...service.SolicitacaoService.addAtividade,,,,,,,,,,,,,,,,,,,,,,,,,,,,,,1,1,,,,0,,,,1,,,1,0,0,,,,1,0,0,1,1,1,,,0,,,0,0,0,0,0,,,,,0,,0,0,,,0.00,0,0,0,0
Abstract Method,...service.SolicitacaoService.delete,,,,,,,,,,,,,,,,,,,,,,,,,,,,,,1,1,,,,0,,,,1,,,1,0,0,,,,0,0,0,1,1,1,,,0,,,0,0,0,0,0,,,,,0,,0,0,,,0.00,0,0,0,0
Abstract Method,...service.SolicitacaoService.findOne,,,,,,,,,,,,,,,,,,,,,,,,,,,,,,1,1,,,,0,,,,1,,,1,0,0,,,,1,0,0,1,1,1,,,0,,,0,0,0,0,0,,,,,0,,0,0,,,0.00,0,0,0,0
Abstract Method,...service.SolicitacaoService.save,,,,,,,,,,,,,,,,,,,,,,,,,,,,,,1,1,,,,0,,,,1,,,1,0,0,,,,1,0,0,1,1,1,,,0,,,0,0,0,0,0,,,,,0,,0,0,,,0.00,0,0,0,0
Abstract Method,...service.SolicitacaoService.update,,,,,,,,,,,,,,,,,,,,,,,,,,,,,,1,1,,,,0,,,,1,,,1,0,0,,,,1,0,0,1,1,1,,,0,,,0,0,0,0,0,,,,,0,,0,0,,,0.00,0,0,0,0
Public Interface,...service.UsuarioService,0,0,0,0,0,0,0,0,0,4,4,1,,0,0,,,,8,0,,,,8,8,8,0,0,0,,18,,,,8,,,,10,,,9,0,0,,,,,,,8,9,9,,,0,,,,,,,,0,0,0,0,,0,0,,0,0,0.00,0,0,0,0
Abstract Method,...service.UsuarioService.delete,,,,,,,,,,,,,,,,,,,,,,,,,,,,,,1,1,,,,0,,,,1,,,1,0,0,,,,0,0,0,1,1,1,,,0,,,0,0,0,0,0,,,,,0,,0,0,,,0.00,0,0,0,0
Abstract Method,...service.UsuarioService.enable,,,,,,,,,,,,,,,,,,,,,,,,,,,,,,1,1,,,,0,,,,1,,,1,0,0,,,,1,0,0,1,1,1,,,0,,,0,0,0,0,0,,,,,0,,0,0,,,0.00,0,0,0,0
Abstract Method,...service.UsuarioService.findAll,,,,,,,,,,,,,,,,,,,,,,,,,,,,,,1,1,,,,0,,,,1,,,1,0,0,,,,1,0,0,1,1,1,,,0,,,0,0,0,0,0,,,,,0,,0,0,,,0.00,0,0,0,0
Abstract Method,...service.UsuarioService.findByEmail,,,,,,,,,,,,,,,,,,,,,,,,,,,,,,3,1,,,,0,,,,1,,,1,0,0,,,,1,0,0,1,1,1,,,0,,,0,0,0,0,0,,,,,0,,0,0,,,0.00,0,0,0,0
Abstract Method,...service.UsuarioService.getUsuarioLogado,,,,,,,,,,,,,,,,,,,,,,,,,,,,,,5,1,,,,0,,,,1,,,1,0,0,,,,1,0,0,1,1,1,,,0,,,0,0,0,0,0,,,,,0,,0,0,,,0.00,0,0,0,0
Abstract Method,...service.UsuarioService.save,,,,,,,,,,,,,,,,,,,,,,,,,,,,,,1,1,,,,0,,,,1,,,1,0,0,,,,1,0,0,1,1,1,,,0,,,0,0,0,0,0,,,,,0,,0,0,,,0.00,0,0,0,0
Abstract Method,...service.UsuarioService.updatePassword,,,,,,,,,,,,,,,,,,,,,,,,,,,,,,1,1,,,,0,,,,1,,,1,0,0,,,,1,0,0,1,1,1,,,0,,,0,0,0,0,0,,,,,0,,0,0,,,0.00,0,0,0,0
Abstract Method,...service.UsuarioService.verificaUsuario,,,,,,,,,,,,,,,,,,,,,,,,,,,,,,3,1,,,,0,,,,1,,,1,0,0,,,,1,0,0,1,1,1,,,0,,,0,0,0,0,0,,,,,0,,0,0,,,0.00,0,0,0,0
Package,...service.impl,2,2,2,1,10,0,10,0,,,,,5,0,0,,5,,21,14,,,,21,,0,1,0,20,,374,,,,58,,,,316,,,147,143,0,,,,,,,161,216,127,,,116,,,,,,,,5,5,6,3,,,4,,,,0.00,48,48,54,31
Public Class,...service.impl.EstudanteServiceImpl,2,2,2,1,9,0,8,0,2,8,8,0,,0,0,,,,2,3,,,,2,2,0,1,0,1,,32,,,,7,,,,25,,,11,11,0,,,,,,,10,15,8,,,9,,,,,,,,2,2,2,1,,1,1,,50,16,0.00,4,4,4,2
Private Method,...service.impl.EstudanteServiceImpl.completeEstudante,,,,,,,,,,,,,,,,,,,,,,,,,,,,,,4,10,,,,1,,,,9,,,3,6,0,,,,7,2,0,4,6,3,,,5,,,2,2,2,1,1,,,,,0,,1,0,,,0.00,2,2,2,1
Public Method,...service.impl.EstudanteServiceImpl.save,,,,,,,,,,,,,,,,,,,,,,,,,,,,,,2,8,,,,0,,,,8,,,1,5,0,,,,6,2,0,3,5,1,,,4,,,2,2,2,1,1,,,,,0,,1,0,,,0.00,2,2,2,1
Public Class,...service.impl.ServidorServiceImpl,3,3,3,1,14,0,14,0,2,8,8,0,,0,0,,,,1,3,,,,1,1,0,0,0,1,,27,,,,5,,,,22,,,10,10,0,,,,,,,9,13,7,,,8,,,,,,,,3,3,3,1,,1,2,,0,0,0.00,3,3,3,1
Public Method,...service.impl.ServidorServiceImpl.save,,,,,,,,,,,,,,,,,,,,,,,,,,,,,,4,14,,,,0,,,,14,,,3,10,0,,,,12,3,0,6,9,3,,,8,,,3,3,3,1,2,,,,,0,,2,0,,,0.00,3,3,3,1
Public Class,...service.impl.SolicitacaoColetivaServiceImpl,3,3,3,2,14,0,13,0,2,13,13,0,,0,0,,,,4,3,,,,4,4,0,0,0,4,,72,,,,9,,,,63,,,19,39,0,,,,,,,25,39,17,,,30,,,,,,,,5,5,6,3,,1,4,,25,25,0.00,12,12,15,8
Public Method,...service.impl.SolicitacaoColetivaServiceImpl.addParticipants,,,,,,,,,,,,,,,,,,,,,,,,,,,,,,5,19,,,,0,,,,19,,,3,13,0,,,,15,5,1,6,12,4,,,10,,,5,5,6,3,3,,,,,3,,4,3,,,0.00,5,5,6,3
Public Method,...service.impl.SolicitacaoColetivaServiceImpl.assinar,,,,,,,,,,,,,,,,,,,,,,,,,,,,,,5,15,,,,0,,,,15,,,3,11,0,,,,13,3,0,6,9,3,,,8,,,3,3,4,3,3,,,,,3,,2,3,,,0.00,3,3,4,3
Public Method,...service.impl.SolicitacaoColetivaServiceImpl.delete,,,,,,,,,,,,,,,,,,,,,,,,,,,,,,4,15,,,,1,,,,14,,,3,10,0,,,,11,3,0,5,8,3,,,7,,,3,3,4,1,2,,,,,0,,2,0,,,0.00,3,3,4,1
Public Method,...service.impl.SolicitacaoColetivaServiceImpl.save,,,,,,,,,,,,,,,,,,,,,,,,,,,,,,5,7,,,,0,,,,7,,,3,5,0,,,,6,1,0,5,6,3,,,5,,,1,1,1,1,0,,,,,0,,0,0,,,0.00,1,1,1,1
Public Class,...service.impl.SolicitacaoServiceImpl,2,2,2,2,11,0,11,0,2,14,14,0,,0,0,,,,6,3,,,,6,6,0,0,0,6,,91,,,,13,,,,78,,,20,49,0,,,,,,,33,50,18,,,39,,,,,,,,3,3,4,3,,1,2,,44,33,0.00,15,15,17,12
Public Method,...service.impl.SolicitacaoServiceImpl.addAtividade,,,,,,,,,,,,,,,,,,,,,,,,,,,,,,3,14,,,,0,,,,14,,,2,10,0,,,,9,3,0,6,9,2,,,8,,,3,3,3,3,3,,,,,3,,2,3,,,0.00,3,3,3,3
Public Method,...service.impl.SolicitacaoServiceImpl.delete,,,,,,,,,,,,,,,,,,,,,,,,,,,,,,4,12,,,,0,,,,12,,,2,9,0,,,,10,3,0,4,7,2,,,6,,,3,3,4,1,2,,,,,0,,2,0,,,0.00,3,3,4,1
Public Method,...service.impl.SolicitacaoServiceImpl.findOne,,,,,,,,,,,,,,,,,,,,,,,,,,,,,,3,13,,,,0,,,,13,,,2,8,0,,,,8,3,0,4,7,2,,,6,,,3,3,3,3,3,,,,,3,,2,3,,,0.00,3,3,3,3
Public Method,...service.impl.SolicitacaoServiceImpl.isPermitedUpdate,,,,,,,,,,,,,,,,,,,,,,,,,,,,,,5,4,,,,0,,,,4,,,1,2,0,,,,6,1,0,1,2,1,,,1,,,1,1,2,1,0,,,,,0,,0,0,,,0.00,1,1,2,1
Public Method,...service.impl.SolicitacaoServiceImpl.save,,,,,,,,,,,,,,,,,,,,,,,,,,,,,,5,14,,,,0,,,,14,,,4,11,0,,,,12,2,0,10,13,5,,,11,,,2,2,2,1,0,,,,,0,,1,0,,,0.00,2,2,2,1
Public Method,...service.impl.SolicitacaoServiceImpl.update,,,,,,,,,,,,,,,,,,,,,,,,,,,,,,3,13,,,,0,,,,13,,,2,9,0,,,,13,3,0,5,8,2,,,7,,,3,3,3,3,3,,,,,3,,2,3,,,0.00,3,3,3,3
Public Class,...service.impl.UsuarioServiceImpl,1,1,1,1,7,0,7,0,2,12,12,0,,0,0,,,,8,2,,,,8,8,0,0,0,8,,76,,,,11,,,,65,,,24,34,0,,,,,,,26,41,19,,,30,,,,,,,,4,4,5,1,,1,2,,43,37,0.00,14,14,15,8
Public Method,...service.impl.UsuarioServiceImpl.delete,,,,,,,,,,,,,,,,,,,,,,,,,,,,,,2,13,,,,0,,,,13,,,3,9,0,,,,10,6,1,5,9,3,,,8,,,4,4,5,1,1,,,,,0,,2,0,,,0.00,4,4,5,1
Public Method,...service.impl.UsuarioServiceImpl.enable,,,,,,,,,,,,,,,,,,,,,,,,,,,,,,2,10,,,,0,,,,10,,,2,6,0,,,,6,2,0,4,6,2,,,5,,,2,2,2,1,1,,,,,0,,1,0,,,0.00,2,2,2,1
Public Method,...service.impl.UsuarioServiceImpl.findAll,,,,,,,,,,,,,,,,,,,,,,,,,,,,,,1,3,,,,0,,,,3,,,1,1,0,,,,2,1,0,1,2,1,,,1,,,1,1,1,1,0,,,,,0,,0,0,,,0.00,1,1,1,1
Public Method,...service.impl.UsuarioServiceImpl.findByEmail,,,,,,,,,,,,,,,,,,,,,,,,,,,,,,3,3,,,,0,,,,3,,,1,1,0,,,,2,1,0,1,2,1,,,1,,,1,1,1,1,0,,,,,0,,0,0,,,0.00,1,1,1,1
Public Method,...service.impl.UsuarioServiceImpl.getUsuarioLogado,,,,,,,,,,,,,,,,,,,,,,,,,,,,,,2,5,,,,0,,,,5,,,3,3,0,,,,6,1,0,3,4,3,,,3,,,1,1,1,1,0,,,,,0,,0,0,,,0.00,1,1,1,1
Public Method,...service.impl.UsuarioServiceImpl.save,,,,,,,,,,,,,,,,,,,,,,,,,,,,,,3,8,,,,0,,,,8,,,1,5,0,,,,8,2,0,3,5,1,,,4,,,2,2,2,1,1,,,,,0,,1,0,,,0.00,2,2,2,1
Public Method,...service.impl.UsuarioServiceImpl.updatePassword,,,,,,,,,,,,,,,,,,,,,,,,,,,,,,4,11,,,,0,,,,11,,,4,8,0,,,,12,2,0,6,8,4,,,7,,,2,2,2,1,1,,,,,0,,1,0,,,0.00,2,2,2,1
Public Method,...service.impl.UsuarioServiceImpl.verificaUsuario,,,,,,,,,,,,,,,,,,,,,,,,,,,,,,1,3,,,,0,,,,3,,,1,1,0,,,,3,1,0,1,2,1,,,1,,,1,1,1,1,0,,,,,0,,0,0,,,0.00,1,1,1,1
